{
  "lang":"en",
  "pipeline":[
    "ner"
  ],
  "spacy_version":">=2.2.3",
  "speed":{
    "nwords":9191,
    "cpu":19700.2458940503,
    "gpu":19389.0068487
  },
  "accuracy":{
    "uas":0.0,
    "las":0.0,
    "las_per_type":{
      "":{
        "p":0.0,
        "r":0.0,
        "f":0.0
      }
    },
    "ents_p":82.2841726619,
    "ents_r":83.3333333333,
    "ents_f":82.8054298643,
    "ents_per_type":{
      "DRUG":{
        "p":88.9108910891,
        "r":92.5773195876,
        "f":90.7070707071
      },
      "SYMP":{
        "p":76.6435986159,
        "r":75.3401360544,
        "f":75.9862778731
      },
      "DOSE":{
        "p":61.5384615385,
        "r":64.0,
        "f":62.7450980392
      }
    },
    "tags_acc":100.0,
    "token_acc":100.0,
    "textcat_score":0.0,
    "textcats_per_cat":{

    }
  },
  "vectors":{
    "width":0,
    "vectors":0,
    "keys":0,
    "name":"spacy_pretrained_vectors"
  },
  "name":"model0",
  "version":"0.0.0",
  "labels":{
    "ner":[
      "DOSE",
      "DRUG",
      "SYMP"
    ]
  }
}