{
  "lang":"en",
  "pipeline":[
    "ner"
  ],
  "spacy_version":">=2.2.3",
  "speed":{
    "nwords":9191,
    "cpu":15180.2036007022,
    "gpu":13134.1278687581
  },
  "accuracy":{
    "uas":0.0,
    "las":0.0,
    "las_per_type":{
      "":{
        "p":0.0,
        "r":0.0,
        "f":0.0
      }
    },
    "ents_p":82.9246139873,
    "ents_r":83.1511839709,
    "ents_f":83.0377444293,
    "ents_per_type":{
      "DRUG":{
        "p":89.2857142857,
        "r":92.7835051546,
        "f":91.0010111223
      },
      "SYMP":{
        "p":77.2020725389,
        "r":76.0204081633,
        "f":76.6066838046
      },
      "DOSE":{
        "p":68.0,
        "r":68.0,
        "f":68.0
      }
    },
    "tags_acc":100.0,
    "token_acc":100.0,
    "textcat_score":0.0,
    "textcats_per_cat":{

    }
  },
  "vectors":{
    "width":0,
    "vectors":0,
    "keys":0,
    "name":"spacy_pretrained_vectors"
  },
  "name":"model0",
  "version":"0.0.0",
  "labels":{
    "ner":[
      "DOSE",
      "DRUG",
      "SYMP"
    ]
  }
}