{
  "lang":"en",
  "pipeline":[
    "ner"
  ],
  "spacy_version":">=2.2.3",
  "speed":{
    "nwords":9191,
    "cpu":14260.2932522021,
    "gpu":14540.5611413121
  },
  "accuracy":{
    "uas":0.0,
    "las":0.0,
    "las_per_type":{
      "":{
        "p":0.0,
        "r":0.0,
        "f":0.0
      }
    },
    "ents_p":82.9090909091,
    "ents_r":83.0601092896,
    "ents_f":82.9845313922,
    "ents_per_type":{
      "DRUG":{
        "p":88.9108910891,
        "r":92.5773195876,
        "f":90.7070707071
      },
      "SYMP":{
        "p":76.7888307155,
        "r":74.8299319728,
        "f":75.7967269595
      },
      "DOSE":{
        "p":65.3846153846,
        "r":68.0,
        "f":66.6666666667
      }
    },
    "tags_acc":100.0,
    "token_acc":100.0,
    "textcat_score":0.0,
    "textcats_per_cat":{

    }
  },
  "vectors":{
    "width":0,
    "vectors":0,
    "keys":0,
    "name":"spacy_pretrained_vectors"
  },
  "name":"model0",
  "version":"0.0.0",
  "labels":{
    "ner":[
      "DOSE",
      "DRUG",
      "SYMP"
    ]
  }
}